Statistik_Code;Statistik_Label;Zeit_Code;Zeit_Label;Zeit;1_Merkmal_Code;1_Merkmal_Label;1_Auspraegung_Code;1_Auspraegung_Label;BEVSTD__Bevoelkerungsstand__Anzahl
12411;Fortschreibung des Bevölkerungsstandes;STAG;Stichtag;31.12.2021;KREISE;Kreise;01001;Flensburg, kreisfreie Stadt;91113
12411;Fortschreibung des Bevölkerungsstandes;STAG;Stichtag;31.12.2021;KREISE;Kreise;01002;Kiel, kreisfreie Stadt;246243
12411;Fortschreibung des Bevölkerungsstandes;STAG;Stichtag;31.12.2021;KREISE;Kreise;01003;Lübeck, kreisfreie Stadt;216277
12411;Fortschreibung des Bevölkerungsstandes;STAG;Stichtag;31.12.2021;KREISE;Kreise;01004;Neumünster, kreisfreie Stadt;79496
12411;Fortschreibung des Bevölkerungsstandes;STAG;Stichtag;31.12.2021;KREISE;Kreise;01051;Dithmarschen, Landkreis;133969
12411;Fortschreibung des Bevölkerungsstandes;STAG;Stichtag;31.12.2021;KREISE;Kreise;01053;Herzogtum Lauenburg, Landkreis;200819
12411;Fortschreibung des Bevölkerungsstandes;STAG;Stichtag;31.12.2021;KREISE;Kreise;01054;Nordfriesland, Landkreis;167560
12411;Fortschreibung des Bevölkerungsstandes;STAG;Stichtag;31.12.2021;KREISE;Kreise;01055;Ostholstein, Landkreis;202014
12411;Fortschreibung des Bevölkerungsstandes;STAG;Stichtag;31.12.2021;KREISE;Kreise;01056;Pinneberg, Landkreis;318326
12411;Fortschreibung des Bevölkerungsstandes;STAG;Stichtag;31.12.2021;KREISE;Kreise;01057;Plön, Landkreis;129687
12411;Fortschreibung des Bevölkerungsstandes;STAG;Stichtag;31.12.2021;KREISE;Kreise;01058;Rendsburg-Eckernförde, Landkreis;276053
12411;Fortschreibung des Bevölkerungsstandes;STAG;Stichtag;31.12.2021;KREISE;Kreise;01059;Schleswig-Flensburg, Landkreis;203799
12411;Fortschreibung des Bevölkerungsstandes;STAG;Stichtag;31.12.2021;KREISE;Kreise;01060;Segeberg, Landkreis;280400
12411;Fortschreibung des Bevölkerungsstandes;STAG;Stichtag;31.12.2021;KREISE;Kreise;01061;Steinburg, Landkreis;130843
12411;Fortschreibung des Bevölkerungsstandes;STAG;Stichtag;31.12.2021;KREISE;Kreise;01062;Stormarn, Landkreis;245406
12411;Fortschreibung des Bevölkerungsstandes;STAG;Stichtag;31.12.2021;KREISE;Kreise;02000;Hamburg, kreisfreie Stadt;1853935
12411;Fortschreibung des Bevölkerungsstandes;STAG;Stichtag;31.12.2021;KREISE;Kreise;03101;Braunschweig, kreisfreie Stadt;248823
12411;Fortschreibung des Bevölkerungsstandes;STAG;Stichtag;31.12.2021;KREISE;Kreise;03102;Salzgitter, kreisfreie Stadt;103694
12411;Fortschreibung des Bevölkerungsstandes;STAG;Stichtag;31.12.2021;KREISE;Kreise;03103;Wolfsburg, kreisfreie Stadt;123949
12411;Fortschreibung des Bevölkerungsstandes;STAG;Stichtag;31.12.2021;KREISE;Kreise;03151;Gifhorn, Landkreis;177919
12411;Fortschreibung des Bevölkerungsstandes;STAG;Stichtag;31.12.2021;KREISE;Kreise;03153;Goslar, Landkreis;134050
12411;Fortschreibung des Bevölkerungsstandes;STAG;Stichtag;31.12.2021;KREISE;Kreise;03154;Helmstedt, Landkreis;91379
12411;Fortschreibung des Bevölkerungsstandes;STAG;Stichtag;31.12.2021;KREISE;Kreise;03155;Northeim, Landkreis;131765
12411;Fortschreibung des Bevölkerungsstandes;STAG;Stichtag;31.12.2021;KREISE;Kreise;03157;Peine, Landkreis;136960
12411;Fortschreibung des Bevölkerungsstandes;STAG;Stichtag;31.12.2021;KREISE;Kreise;03158;Wolfenbüttel, Landkreis;119224
12411;Fortschreibung des Bevölkerungsstandes;STAG;Stichtag;31.12.2021;KREISE;Kreise;03159;Göttingen, Landkreis;323661
12411;Fortschreibung des Bevölkerungsstandes;STAG;Stichtag;31.12.2021;KREISE;Kreise;03241;Region Hannover, Landkreis;1157541
12411;Fortschreibung des Bevölkerungsstandes;STAG;Stichtag;31.12.2021;KREISE;Kreise;03251;Diepholz, Landkreis;218839
12411;Fortschreibung des Bevölkerungsstandes;STAG;Stichtag;31.12.2021;KREISE;Kreise;03252;Hameln-Pyrmont, Landkreis;148963
12411;Fortschreibung des Bevölkerungsstandes;STAG;Stichtag;31.12.2021;KREISE;Kreise;03254;Hildesheim, Landkreis;274773
12411;Fortschreibung des Bevölkerungsstandes;STAG;Stichtag;31.12.2021;KREISE;Kreise;03255;Holzminden, Landkreis;69862
12411;Fortschreibung des Bevölkerungsstandes;STAG;Stichtag;31.12.2021;KREISE;Kreise;03256;Nienburg (Weser), Landkreis;121773
12411;Fortschreibung des Bevölkerungsstandes;STAG;Stichtag;31.12.2021;KREISE;Kreise;03257;Schaumburg, Landkreis;158108
12411;Fortschreibung des Bevölkerungsstandes;STAG;Stichtag;31.12.2021;KREISE;Kreise;03351;Celle, Landkreis;179915
12411;Fortschreibung des Bevölkerungsstandes;STAG;Stichtag;31.12.2021;KREISE;Kreise;03352;Cuxhaven, Landkreis;199603
12411;Fortschreibung des Bevölkerungsstandes;STAG;Stichtag;31.12.2021;KREISE;Kreise;03353;Harburg, Landkreis;257548
12411;Fortschreibung des Bevölkerungsstandes;STAG;Stichtag;31.12.2021;KREISE;Kreise;03354;Lüchow-Dannenberg, Landkreis;48472
12411;Fortschreibung des Bevölkerungsstandes;STAG;Stichtag;31.12.2021;KREISE;Kreise;03355;Lüneburg, Landkreis;185129
12411;Fortschreibung des Bevölkerungsstandes;STAG;Stichtag;31.12.2021;KREISE;Kreise;03356;Osterholz, Landkreis;115054
12411;Fortschreibung des Bevölkerungsstandes;STAG;Stichtag;31.12.2021;KREISE;Kreise;03357;Rotenburg (Wümme), Landkreis;165001
12411;Fortschreibung des Bevölkerungsstandes;STAG;Stichtag;31.12.2021;KREISE;Kreise;03358;Heidekreis;142912
12411;Fortschreibung des Bevölkerungsstandes;STAG;Stichtag;31.12.2021;KREISE;Kreise;03359;Stade, Landkreis;206496
12411;Fortschreibung des Bevölkerungsstandes;STAG;Stichtag;31.12.2021;KREISE;Kreise;03360;Uelzen, Landkreis;92894
12411;Fortschreibung des Bevölkerungsstandes;STAG;Stichtag;31.12.2021;KREISE;Kreise;03361;Verden, Landkreis;138507
12411;Fortschreibung des Bevölkerungsstandes;STAG;Stichtag;31.12.2021;KREISE;Kreise;03401;Delmenhorst, kreisfreie Stadt;77522
12411;Fortschreibung des Bevölkerungsstandes;STAG;Stichtag;31.12.2021;KREISE;Kreise;03402;Emden, kreisfreie Stadt;49523
12411;Fortschreibung des Bevölkerungsstandes;STAG;Stichtag;31.12.2021;KREISE;Kreise;03403;Oldenburg (Oldenburg), kreisfreie Stadt;170389
12411;Fortschreibung des Bevölkerungsstandes;STAG;Stichtag;31.12.2021;KREISE;Kreise;03404;Osnabrück, kreisfreie Stadt;165034
12411;Fortschreibung des Bevölkerungsstandes;STAG;Stichtag;31.12.2021;KREISE;Kreise;03405;Wilhelmshaven, kreisfreie Stadt;75027
12411;Fortschreibung des Bevölkerungsstandes;STAG;Stichtag;31.12.2021;KREISE;Kreise;03451;Ammerland, Landkreis;126475
12411;Fortschreibung des Bevölkerungsstandes;STAG;Stichtag;31.12.2021;KREISE;Kreise;03452;Aurich, Landkreis;190425
12411;Fortschreibung des Bevölkerungsstandes;STAG;Stichtag;31.12.2021;KREISE;Kreise;03453;Cloppenburg, Landkreis;173980
12411;Fortschreibung des Bevölkerungsstandes;STAG;Stichtag;31.12.2021;KREISE;Kreise;03454;Emsland, Landkreis;331397
12411;Fortschreibung des Bevölkerungsstandes;STAG;Stichtag;31.12.2021;KREISE;Kreise;03455;Friesland, Landkreis;98971
12411;Fortschreibung des Bevölkerungsstandes;STAG;Stichtag;31.12.2021;KREISE;Kreise;03456;Grafschaft Bentheim, Landkreis;138722
12411;Fortschreibung des Bevölkerungsstandes;STAG;Stichtag;31.12.2021;KREISE;Kreise;03457;Leer, Landkreis;172421
12411;Fortschreibung des Bevölkerungsstandes;STAG;Stichtag;31.12.2021;KREISE;Kreise;03458;Oldenburg, Landkreis;132091
12411;Fortschreibung des Bevölkerungsstandes;STAG;Stichtag;31.12.2021;KREISE;Kreise;03459;Osnabrück, Landkreis;361550
12411;Fortschreibung des Bevölkerungsstandes;STAG;Stichtag;31.12.2021;KREISE;Kreise;03460;Vechta, Landkreis;144805
12411;Fortschreibung des Bevölkerungsstandes;STAG;Stichtag;31.12.2021;KREISE;Kreise;03461;Wesermarsch, Landkreis;88430
12411;Fortschreibung des Bevölkerungsstandes;STAG;Stichtag;31.12.2021;KREISE;Kreise;03462;Wittmund, Landkreis;57455
12411;Fortschreibung des Bevölkerungsstandes;STAG;Stichtag;31.12.2021;KREISE;Kreise;04011;Bremen, kreisfreie Stadt;563290
12411;Fortschreibung des Bevölkerungsstandes;STAG;Stichtag;31.12.2021;KREISE;Kreise;04012;Bremerhaven, kreisfreie Stadt;113173
12411;Fortschreibung des Bevölkerungsstandes;STAG;Stichtag;31.12.2021;KREISE;Kreise;05111;Düsseldorf, kreisfreie Stadt;619477
12411;Fortschreibung des Bevölkerungsstandes;STAG;Stichtag;31.12.2021;KREISE;Kreise;05112;Duisburg, kreisfreie Stadt;495152
12411;Fortschreibung des Bevölkerungsstandes;STAG;Stichtag;31.12.2021;KREISE;Kreise;05113;Essen, kreisfreie Stadt;579432
12411;Fortschreibung des Bevölkerungsstandes;STAG;Stichtag;31.12.2021;KREISE;Kreise;05114;Krefeld, kreisfreie Stadt;227050
12411;Fortschreibung des Bevölkerungsstandes;STAG;Stichtag;31.12.2021;KREISE;Kreise;05116;Mönchengladbach, kreisfreie Stadt;261001
12411;Fortschreibung des Bevölkerungsstandes;STAG;Stichtag;31.12.2021;KREISE;Kreise;05117;Mülheim an der Ruhr, kreisfreie Stadt;170739
12411;Fortschreibung des Bevölkerungsstandes;STAG;Stichtag;31.12.2021;KREISE;Kreise;05119;Oberhausen, kreisfreie Stadt;208752
12411;Fortschreibung des Bevölkerungsstandes;STAG;Stichtag;31.12.2021;KREISE;Kreise;05120;Remscheid, kreisfreie Stadt;111770
12411;Fortschreibung des Bevölkerungsstandes;STAG;Stichtag;31.12.2021;KREISE;Kreise;05122;Solingen, kreisfreie Stadt;158957
12411;Fortschreibung des Bevölkerungsstandes;STAG;Stichtag;31.12.2021;KREISE;Kreise;05124;Wuppertal, kreisfreie Stadt;354572
12411;Fortschreibung des Bevölkerungsstandes;STAG;Stichtag;31.12.2021;KREISE;Kreise;05154;Kleve, Landkreis;314676
12411;Fortschreibung des Bevölkerungsstandes;STAG;Stichtag;31.12.2021;KREISE;Kreise;05158;Mettmann, Landkreis;484411
12411;Fortschreibung des Bevölkerungsstandes;STAG;Stichtag;31.12.2021;KREISE;Kreise;05162;Rhein-Kreis Neuss;452496
12411;Fortschreibung des Bevölkerungsstandes;STAG;Stichtag;31.12.2021;KREISE;Kreise;05166;Viersen, Landkreis;298761
12411;Fortschreibung des Bevölkerungsstandes;STAG;Stichtag;31.12.2021;KREISE;Kreise;05170;Wesel, Landkreis;460433
12411;Fortschreibung des Bevölkerungsstandes;STAG;Stichtag;31.12.2021;KREISE;Kreise;05314;Bonn, kreisfreie Stadt;331885
12411;Fortschreibung des Bevölkerungsstandes;STAG;Stichtag;31.12.2021;KREISE;Kreise;05315;Köln, kreisfreie Stadt;1073096
12411;Fortschreibung des Bevölkerungsstandes;STAG;Stichtag;31.12.2021;KREISE;Kreise;05316;Leverkusen, kreisfreie Stadt;163851
12411;Fortschreibung des Bevölkerungsstandes;STAG;Stichtag;31.12.2021;KREISE;Kreise;05334;Städteregion Aachen, Landkreis;556673
12411;Fortschreibung des Bevölkerungsstandes;STAG;Stichtag;31.12.2021;KREISE;Kreise;05358;Düren, Landkreis;266771
12411;Fortschreibung des Bevölkerungsstandes;STAG;Stichtag;31.12.2021;KREISE;Kreise;05362;Rhein-Erft-Kreis;471891
12411;Fortschreibung des Bevölkerungsstandes;STAG;Stichtag;31.12.2021;KREISE;Kreise;05366;Euskirchen, Landkreis;194701
12411;Fortschreibung des Bevölkerungsstandes;STAG;Stichtag;31.12.2021;KREISE;Kreise;05370;Heinsberg, Landkreis;258306
12411;Fortschreibung des Bevölkerungsstandes;STAG;Stichtag;31.12.2021;KREISE;Kreise;05374;Oberbergischer Kreis;271621
12411;Fortschreibung des Bevölkerungsstandes;STAG;Stichtag;31.12.2021;KREISE;Kreise;05378;Rheinisch-Bergischer Kreis;283429
12411;Fortschreibung des Bevölkerungsstandes;STAG;Stichtag;31.12.2021;KREISE;Kreise;05382;Rhein-Sieg-Kreis;600732
12411;Fortschreibung des Bevölkerungsstandes;STAG;Stichtag;31.12.2021;KREISE;Kreise;05512;Bottrop, kreisfreie Stadt;117311
12411;Fortschreibung des Bevölkerungsstandes;STAG;Stichtag;31.12.2021;KREISE;Kreise;05513;Gelsenkirchen, kreisfreie Stadt;260126
12411;Fortschreibung des Bevölkerungsstandes;STAG;Stichtag;31.12.2021;KREISE;Kreise;05515;Münster, kreisfreie Stadt;317713
12411;Fortschreibung des Bevölkerungsstandes;STAG;Stichtag;31.12.2021;KREISE;Kreise;05554;Borken, Landkreis;373582
12411;Fortschreibung des Bevölkerungsstandes;STAG;Stichtag;31.12.2021;KREISE;Kreise;05558;Coesfeld, Landkreis;221352
12411;Fortschreibung des Bevölkerungsstandes;STAG;Stichtag;31.12.2021;KREISE;Kreise;05562;Recklinghausen, Landkreis;612801
12411;Fortschreibung des Bevölkerungsstandes;STAG;Stichtag;31.12.2021;KREISE;Kreise;05566;Steinfurt, Landkreis;450176
12411;Fortschreibung des Bevölkerungsstandes;STAG;Stichtag;31.12.2021;KREISE;Kreise;05570;Warendorf, Landkreis;278176
12411;Fortschreibung des Bevölkerungsstandes;STAG;Stichtag;31.12.2021;KREISE;Kreise;05711;Bielefeld, kreisfreie Stadt;334002
12411;Fortschreibung des Bevölkerungsstandes;STAG;Stichtag;31.12.2021;KREISE;Kreise;05754;Gütersloh, Landkreis;366104
12411;Fortschreibung des Bevölkerungsstandes;STAG;Stichtag;31.12.2021;KREISE;Kreise;05758;Herford, Landkreis;250635
12411;Fortschreibung des Bevölkerungsstandes;STAG;Stichtag;31.12.2021;KREISE;Kreise;05762;Höxter, Landkreis;139994
12411;Fortschreibung des Bevölkerungsstandes;STAG;Stichtag;31.12.2021;KREISE;Kreise;05766;Lippe, Landkreis;346151
12411;Fortschreibung des Bevölkerungsstandes;STAG;Stichtag;31.12.2021;KREISE;Kreise;05770;Minden-Lübbecke, Landkreis;311214
12411;Fortschreibung des Bevölkerungsstandes;STAG;Stichtag;31.12.2021;KREISE;Kreise;05774;Paderborn, Landkreis;309380
12411;Fortschreibung des Bevölkerungsstandes;STAG;Stichtag;31.12.2021;KREISE;Kreise;05911;Bochum, kreisfreie Stadt;363441
12411;Fortschreibung des Bevölkerungsstandes;STAG;Stichtag;31.12.2021;KREISE;Kreise;05913;Dortmund, kreisfreie Stadt;586852
12411;Fortschreibung des Bevölkerungsstandes;STAG;Stichtag;31.12.2021;KREISE;Kreise;05914;Hagen, kreisfreie Stadt;188713
12411;Fortschreibung des Bevölkerungsstandes;STAG;Stichtag;31.12.2021;KREISE;Kreise;05915;Hamm, kreisfreie Stadt;179238
12411;Fortschreibung des Bevölkerungsstandes;STAG;Stichtag;31.12.2021;KREISE;Kreise;05916;Herne, kreisfreie Stadt;156621
12411;Fortschreibung des Bevölkerungsstandes;STAG;Stichtag;31.12.2021;KREISE;Kreise;05954;Ennepe-Ruhr-Kreis;322143
12411;Fortschreibung des Bevölkerungsstandes;STAG;Stichtag;31.12.2021;KREISE;Kreise;05958;Hochsauerlandkreis;258615
12411;Fortschreibung des Bevölkerungsstandes;STAG;Stichtag;31.12.2021;KREISE;Kreise;05962;Märkischer Kreis;406793
12411;Fortschreibung des Bevölkerungsstandes;STAG;Stichtag;31.12.2021;KREISE;Kreise;05966;Olpe, Landkreis;133120
12411;Fortschreibung des Bevölkerungsstandes;STAG;Stichtag;31.12.2021;KREISE;Kreise;05970;Siegen-Wittgenstein, Landkreis;274342
12411;Fortschreibung des Bevölkerungsstandes;STAG;Stichtag;31.12.2021;KREISE;Kreise;05974;Soest, Landkreis;302298
12411;Fortschreibung des Bevölkerungsstandes;STAG;Stichtag;31.12.2021;KREISE;Kreise;05978;Unna, Landkreis;393063
12411;Fortschreibung des Bevölkerungsstandes;STAG;Stichtag;31.12.2021;KREISE;Kreise;06411;Darmstadt, kreisfreie Stadt;159631
12411;Fortschreibung des Bevölkerungsstandes;STAG;Stichtag;31.12.2021;KREISE;Kreise;06412;Frankfurt am Main, kreisfreie Stadt;759224
12411;Fortschreibung des Bevölkerungsstandes;STAG;Stichtag;31.12.2021;KREISE;Kreise;06413;Offenbach am Main, kreisfreie Stadt;131295
12411;Fortschreibung des Bevölkerungsstandes;STAG;Stichtag;31.12.2021;KREISE;Kreise;06414;Wiesbaden, kreisfreie Stadt;278950
12411;Fortschreibung des Bevölkerungsstandes;STAG;Stichtag;31.12.2021;KREISE;Kreise;06431;Bergstraße, Landkreis;271166
12411;Fortschreibung des Bevölkerungsstandes;STAG;Stichtag;31.12.2021;KREISE;Kreise;06432;Darmstadt-Dieburg, Landkreis;296900
12411;Fortschreibung des Bevölkerungsstandes;STAG;Stichtag;31.12.2021;KREISE;Kreise;06433;Groß-Gerau, Landkreis;276307
12411;Fortschreibung des Bevölkerungsstandes;STAG;Stichtag;31.12.2021;KREISE;Kreise;06434;Hochtaunuskreis;237041
12411;Fortschreibung des Bevölkerungsstandes;STAG;Stichtag;31.12.2021;KREISE;Kreise;06435;Main-Kinzig-Kreis;423465
12411;Fortschreibung des Bevölkerungsstandes;STAG;Stichtag;31.12.2021;KREISE;Kreise;06436;Main-Taunus-Kreis;239276
12411;Fortschreibung des Bevölkerungsstandes;STAG;Stichtag;31.12.2021;KREISE;Kreise;06437;Odenwaldkreis;96953
12411;Fortschreibung des Bevölkerungsstandes;STAG;Stichtag;31.12.2021;KREISE;Kreise;06438;Offenbach, Landkreis;357466
12411;Fortschreibung des Bevölkerungsstandes;STAG;Stichtag;31.12.2021;KREISE;Kreise;06439;Rheingau-Taunus-Kreis;187229
12411;Fortschreibung des Bevölkerungsstandes;STAG;Stichtag;31.12.2021;KREISE;Kreise;06440;Wetteraukreis;311661
12411;Fortschreibung des Bevölkerungsstandes;STAG;Stichtag;31.12.2021;KREISE;Kreise;06531;Gießen, Landkreis;272874
12411;Fortschreibung des Bevölkerungsstandes;STAG;Stichtag;31.12.2021;KREISE;Kreise;06532;Lahn-Dill-Kreis;253364
12411;Fortschreibung des Bevölkerungsstandes;STAG;Stichtag;31.12.2021;KREISE;Kreise;06533;Limburg-Weilburg, Landkreis;172759
12411;Fortschreibung des Bevölkerungsstandes;STAG;Stichtag;31.12.2021;KREISE;Kreise;06534;Marburg-Biedenkopf, Landkreis;246097
12411;Fortschreibung des Bevölkerungsstandes;STAG;Stichtag;31.12.2021;KREISE;Kreise;06535;Vogelsbergkreis;105671
12411;Fortschreibung des Bevölkerungsstandes;STAG;Stichtag;31.12.2021;KREISE;Kreise;06611;Kassel, kreisfreie Stadt;200406
12411;Fortschreibung des Bevölkerungsstandes;STAG;Stichtag;31.12.2021;KREISE;Kreise;06631;Fulda, Landkreis;223572
12411;Fortschreibung des Bevölkerungsstandes;STAG;Stichtag;31.12.2021;KREISE;Kreise;06632;Hersfeld-Rotenburg, Landkreis;120163
12411;Fortschreibung des Bevölkerungsstandes;STAG;Stichtag;31.12.2021;KREISE;Kreise;06633;Kassel, Landkreis;237268
12411;Fortschreibung des Bevölkerungsstandes;STAG;Stichtag;31.12.2021;KREISE;Kreise;06634;Schwalm-Eder-Kreis;180052
12411;Fortschreibung des Bevölkerungsstandes;STAG;Stichtag;31.12.2021;KREISE;Kreise;06635;Waldeck-Frankenberg, Landkreis;156513
12411;Fortschreibung des Bevölkerungsstandes;STAG;Stichtag;31.12.2021;KREISE;Kreise;06636;Werra-Meißner-Kreis;99714
12411;Fortschreibung des Bevölkerungsstandes;STAG;Stichtag;31.12.2021;KREISE;Kreise;07111;Koblenz, kreisfreie Stadt;113638
12411;Fortschreibung des Bevölkerungsstandes;STAG;Stichtag;31.12.2021;KREISE;Kreise;07131;Ahrweiler, Landkreis;128146
12411;Fortschreibung des Bevölkerungsstandes;STAG;Stichtag;31.12.2021;KREISE;Kreise;07132;Altenkirchen (Westerwald), Landkreis;129261
12411;Fortschreibung des Bevölkerungsstandes;STAG;Stichtag;31.12.2021;KREISE;Kreise;07133;Bad Kreuznach, Landkreis;159402
12411;Fortschreibung des Bevölkerungsstandes;STAG;Stichtag;31.12.2021;KREISE;Kreise;07134;Birkenfeld, Landkreis;80849
12411;Fortschreibung des Bevölkerungsstandes;STAG;Stichtag;31.12.2021;KREISE;Kreise;07135;Cochem-Zell, Landkreis;61735
12411;Fortschreibung des Bevölkerungsstandes;STAG;Stichtag;31.12.2021;KREISE;Kreise;07137;Mayen-Koblenz, Landkreis;215446
12411;Fortschreibung des Bevölkerungsstandes;STAG;Stichtag;31.12.2021;KREISE;Kreise;07138;Neuwied, Landkreis;184390
12411;Fortschreibung des Bevölkerungsstandes;STAG;Stichtag;31.12.2021;KREISE;Kreise;07140;Rhein-Hunsrück-Kreis;103767
12411;Fortschreibung des Bevölkerungsstandes;STAG;Stichtag;31.12.2021;KREISE;Kreise;07141;Rhein-Lahn-Kreis;122724
12411;Fortschreibung des Bevölkerungsstandes;STAG;Stichtag;31.12.2021;KREISE;Kreise;07143;Westerwaldkreis;203831
12411;Fortschreibung des Bevölkerungsstandes;STAG;Stichtag;31.12.2021;KREISE;Kreise;07211;Trier, kreisfreie Stadt;110570
12411;Fortschreibung des Bevölkerungsstandes;STAG;Stichtag;31.12.2021;KREISE;Kreise;07231;Bernkastel-Wittlich, Landkreis;113194
12411;Fortschreibung des Bevölkerungsstandes;STAG;Stichtag;31.12.2021;KREISE;Kreise;07232;Eifelkreis Bitburg-Prüm;100959
12411;Fortschreibung des Bevölkerungsstandes;STAG;Stichtag;31.12.2021;KREISE;Kreise;07233;Vulkaneifel, Landkreis;60882
12411;Fortschreibung des Bevölkerungsstandes;STAG;Stichtag;31.12.2021;KREISE;Kreise;07235;Trier-Saarburg, Landkreis;151167
12411;Fortschreibung des Bevölkerungsstandes;STAG;Stichtag;31.12.2021;KREISE;Kreise;07311;Frankenthal (Pfalz), kreisfreie Stadt;48773
12411;Fortschreibung des Bevölkerungsstandes;STAG;Stichtag;31.12.2021;KREISE;Kreise;07312;Kaiserslautern, kreisfreie Stadt;99292
12411;Fortschreibung des Bevölkerungsstandes;STAG;Stichtag;31.12.2021;KREISE;Kreise;07313;Landau in der Pfalz, kreisfreie Stadt;46919
12411;Fortschreibung des Bevölkerungsstandes;STAG;Stichtag;31.12.2021;KREISE;Kreise;07314;Ludwigshafen am Rhein, kreisfreie Stadt;172145
12411;Fortschreibung des Bevölkerungsstandes;STAG;Stichtag;31.12.2021;KREISE;Kreise;07315;Mainz, kreisfreie Stadt;217556
12411;Fortschreibung des Bevölkerungsstandes;STAG;Stichtag;31.12.2021;KREISE;Kreise;07316;Neustadt an der Weinstraße, kreisfreie Stadt;53491
12411;Fortschreibung des Bevölkerungsstandes;STAG;Stichtag;31.12.2021;KREISE;Kreise;07317;Pirmasens, kreisfreie Stadt;40054
12411;Fortschreibung des Bevölkerungsstandes;STAG;Stichtag;31.12.2021;KREISE;Kreise;07318;Speyer, kreisfreie Stadt;50565
12411;Fortschreibung des Bevölkerungsstandes;STAG;Stichtag;31.12.2021;KREISE;Kreise;07319;Worms, kreisfreie Stadt;83850
12411;Fortschreibung des Bevölkerungsstandes;STAG;Stichtag;31.12.2021;KREISE;Kreise;07320;Zweibrücken, kreisfreie Stadt;34091
12411;Fortschreibung des Bevölkerungsstandes;STAG;Stichtag;31.12.2021;KREISE;Kreise;07331;Alzey-Worms, Landkreis;131330
12411;Fortschreibung des Bevölkerungsstandes;STAG;Stichtag;31.12.2021;KREISE;Kreise;07332;Bad Dürkheim, Landkreis;133206
12411;Fortschreibung des Bevölkerungsstandes;STAG;Stichtag;31.12.2021;KREISE;Kreise;07333;Donnersbergkreis;75569
12411;Fortschreibung des Bevölkerungsstandes;STAG;Stichtag;31.12.2021;KREISE;Kreise;07334;Germersheim, Landkreis;129313
12411;Fortschreibung des Bevölkerungsstandes;STAG;Stichtag;31.12.2021;KREISE;Kreise;07335;Kaiserslautern, Landkreis;106853
12411;Fortschreibung des Bevölkerungsstandes;STAG;Stichtag;31.12.2021;KREISE;Kreise;07336;Kusel, Landkreis;69949
12411;Fortschreibung des Bevölkerungsstandes;STAG;Stichtag;31.12.2021;KREISE;Kreise;07337;Südliche Weinstraße, Landkreis;111279
12411;Fortschreibung des Bevölkerungsstandes;STAG;Stichtag;31.12.2021;KREISE;Kreise;07338;Rhein-Pfalz-Kreis;155050
12411;Fortschreibung des Bevölkerungsstandes;STAG;Stichtag;31.12.2021;KREISE;Kreise;07339;Mainz-Bingen, Landkreis;212420
12411;Fortschreibung des Bevölkerungsstandes;STAG;Stichtag;31.12.2021;KREISE;Kreise;07340;Südwestpfalz, Landkreis;94819
12411;Fortschreibung des Bevölkerungsstandes;STAG;Stichtag;31.12.2021;KREISE;Kreise;08111;Stuttgart, kreisfreie Stadt;626275
12411;Fortschreibung des Bevölkerungsstandes;STAG;Stichtag;31.12.2021;KREISE;Kreise;08115;Böblingen, Landkreis;393195
12411;Fortschreibung des Bevölkerungsstandes;STAG;Stichtag;31.12.2021;KREISE;Kreise;08116;Esslingen, Landkreis;533388
12411;Fortschreibung des Bevölkerungsstandes;STAG;Stichtag;31.12.2021;KREISE;Kreise;08117;Göppingen, Landkreis;259046
12411;Fortschreibung des Bevölkerungsstandes;STAG;Stichtag;31.12.2021;KREISE;Kreise;08118;Ludwigsburg, Landkreis;544679
12411;Fortschreibung des Bevölkerungsstandes;STAG;Stichtag;31.12.2021;KREISE;Kreise;08119;Rems-Murr-Kreis;427316
12411;Fortschreibung des Bevölkerungsstandes;STAG;Stichtag;31.12.2021;KREISE;Kreise;08121;Heilbronn, kreisfreie Stadt;125613
12411;Fortschreibung des Bevölkerungsstandes;STAG;Stichtag;31.12.2021;KREISE;Kreise;08125;Heilbronn, Landkreis;347798
12411;Fortschreibung des Bevölkerungsstandes;STAG;Stichtag;31.12.2021;KREISE;Kreise;08126;Hohenlohekreis;113318
12411;Fortschreibung des Bevölkerungsstandes;STAG;Stichtag;31.12.2021;KREISE;Kreise;08127;Schwäbisch Hall, Landkreis;199398
12411;Fortschreibung des Bevölkerungsstandes;STAG;Stichtag;31.12.2021;KREISE;Kreise;08128;Main-Tauber-Kreis;132956
12411;Fortschreibung des Bevölkerungsstandes;STAG;Stichtag;31.12.2021;KREISE;Kreise;08135;Heidenheim, Landkreis;132958
12411;Fortschreibung des Bevölkerungsstandes;STAG;Stichtag;31.12.2021;KREISE;Kreise;08136;Ostalbkreis;315009
12411;Fortschreibung des Bevölkerungsstandes;STAG;Stichtag;31.12.2021;KREISE;Kreise;08211;Baden-Baden, kreisfreie Stadt;55527
12411;Fortschreibung des Bevölkerungsstandes;STAG;Stichtag;31.12.2021;KREISE;Kreise;08212;Karlsruhe, kreisfreie Stadt;306502
12411;Fortschreibung des Bevölkerungsstandes;STAG;Stichtag;31.12.2021;KREISE;Kreise;08215;Karlsruhe, Landkreis;448487
12411;Fortschreibung des Bevölkerungsstandes;STAG;Stichtag;31.12.2021;KREISE;Kreise;08216;Rastatt, Landkreis;232296
12411;Fortschreibung des Bevölkerungsstandes;STAG;Stichtag;31.12.2021;KREISE;Kreise;08221;Heidelberg, kreisfreie Stadt;159245
12411;Fortschreibung des Bevölkerungsstandes;STAG;Stichtag;31.12.2021;KREISE;Kreise;08222;Mannheim, kreisfreie Stadt;311831
12411;Fortschreibung des Bevölkerungsstandes;STAG;Stichtag;31.12.2021;KREISE;Kreise;08225;Neckar-Odenwald-Kreis;143929
12411;Fortschreibung des Bevölkerungsstandes;STAG;Stichtag;31.12.2021;KREISE;Kreise;08226;Rhein-Neckar-Kreis;549030
12411;Fortschreibung des Bevölkerungsstandes;STAG;Stichtag;31.12.2021;KREISE;Kreise;08231;Pforzheim, kreisfreie Stadt;125529
12411;Fortschreibung des Bevölkerungsstandes;STAG;Stichtag;31.12.2021;KREISE;Kreise;08235;Calw, Landkreis;160686
12411;Fortschreibung des Bevölkerungsstandes;STAG;Stichtag;31.12.2021;KREISE;Kreise;08236;Enzkreis;200237
12411;Fortschreibung des Bevölkerungsstandes;STAG;Stichtag;31.12.2021;KREISE;Kreise;08237;Freudenstadt, Landkreis;119183
12411;Fortschreibung des Bevölkerungsstandes;STAG;Stichtag;31.12.2021;KREISE;Kreise;08311;Freiburg im Breisgau, kreisfreie Stadt;231848
12411;Fortschreibung des Bevölkerungsstandes;STAG;Stichtag;31.12.2021;KREISE;Kreise;08315;Breisgau-Hochschwarzwald, Landkreis;265792
12411;Fortschreibung des Bevölkerungsstandes;STAG;Stichtag;31.12.2021;KREISE;Kreise;08316;Emmendingen, Landkreis;167945
12411;Fortschreibung des Bevölkerungsstandes;STAG;Stichtag;31.12.2021;KREISE;Kreise;08317;Ortenaukreis;434535
12411;Fortschreibung des Bevölkerungsstandes;STAG;Stichtag;31.12.2021;KREISE;Kreise;08325;Rottweil, Landkreis;140446
12411;Fortschreibung des Bevölkerungsstandes;STAG;Stichtag;31.12.2021;KREISE;Kreise;08326;Schwarzwald-Baar-Kreis;213385
12411;Fortschreibung des Bevölkerungsstandes;STAG;Stichtag;31.12.2021;KREISE;Kreise;08327;Tuttlingen, Landkreis;142414
12411;Fortschreibung des Bevölkerungsstandes;STAG;Stichtag;31.12.2021;KREISE;Kreise;08335;Konstanz, Landkreis;288097
12411;Fortschreibung des Bevölkerungsstandes;STAG;Stichtag;31.12.2021;KREISE;Kreise;08336;Lörrach, Landkreis;229445
12411;Fortschreibung des Bevölkerungsstandes;STAG;Stichtag;31.12.2021;KREISE;Kreise;08337;Waldshut, Landkreis;171249
12411;Fortschreibung des Bevölkerungsstandes;STAG;Stichtag;31.12.2021;KREISE;Kreise;08415;Reutlingen, Landkreis;288158
12411;Fortschreibung des Bevölkerungsstandes;STAG;Stichtag;31.12.2021;KREISE;Kreise;08416;Tübingen, Landkreis;229806
12411;Fortschreibung des Bevölkerungsstandes;STAG;Stichtag;31.12.2021;KREISE;Kreise;08417;Zollernalbkreis;190545
12411;Fortschreibung des Bevölkerungsstandes;STAG;Stichtag;31.12.2021;KREISE;Kreise;08421;Ulm, kreisfreie Stadt;126949
12411;Fortschreibung des Bevölkerungsstandes;STAG;Stichtag;31.12.2021;KREISE;Kreise;08425;Alb-Donau-Kreis;199732
12411;Fortschreibung des Bevölkerungsstandes;STAG;Stichtag;31.12.2021;KREISE;Kreise;08426;Biberach, Landkreis;203244
12411;Fortschreibung des Bevölkerungsstandes;STAG;Stichtag;31.12.2021;KREISE;Kreise;08435;Bodenseekreis;218885
12411;Fortschreibung des Bevölkerungsstandes;STAG;Stichtag;31.12.2021;KREISE;Kreise;08436;Ravensburg, Landkreis;287011
12411;Fortschreibung des Bevölkerungsstandes;STAG;Stichtag;31.12.2021;KREISE;Kreise;08437;Sigmaringen, Landkreis;131725
12411;Fortschreibung des Bevölkerungsstandes;STAG;Stichtag;31.12.2021;KREISE;Kreise;09161;Ingolstadt, kreisfreie Stadt;138016
12411;Fortschreibung des Bevölkerungsstandes;STAG;Stichtag;31.12.2021;KREISE;Kreise;09162;München, kreisfreie Stadt;1487708
12411;Fortschreibung des Bevölkerungsstandes;STAG;Stichtag;31.12.2021;KREISE;Kreise;09163;Rosenheim, kreisfreie Stadt;63508
12411;Fortschreibung des Bevölkerungsstandes;STAG;Stichtag;31.12.2021;KREISE;Kreise;09171;Altötting, Landkreis;112116
12411;Fortschreibung des Bevölkerungsstandes;STAG;Stichtag;31.12.2021;KREISE;Kreise;09172;Berchtesgadener Land, Landkreis;106389
12411;Fortschreibung des Bevölkerungsstandes;STAG;Stichtag;31.12.2021;KREISE;Kreise;09173;Bad Tölz-Wolfratshausen, Landkreis;127919
12411;Fortschreibung des Bevölkerungsstandes;STAG;Stichtag;31.12.2021;KREISE;Kreise;09174;Dachau, Landkreis;155449
12411;Fortschreibung des Bevölkerungsstandes;STAG;Stichtag;31.12.2021;KREISE;Kreise;09175;Ebersberg, Landkreis;144562
12411;Fortschreibung des Bevölkerungsstandes;STAG;Stichtag;31.12.2021;KREISE;Kreise;09176;Eichstätt, Landkreis;133634
12411;Fortschreibung des Bevölkerungsstandes;STAG;Stichtag;31.12.2021;KREISE;Kreise;09177;Erding, Landkreis;139622
12411;Fortschreibung des Bevölkerungsstandes;STAG;Stichtag;31.12.2021;KREISE;Kreise;09178;Freising, Landkreis;181144
12411;Fortschreibung des Bevölkerungsstandes;STAG;Stichtag;31.12.2021;KREISE;Kreise;09179;Fürstenfeldbruck, Landkreis;218579
12411;Fortschreibung des Bevölkerungsstandes;STAG;Stichtag;31.12.2021;KREISE;Kreise;09180;Garmisch-Partenkirchen, Landkreis;88232
12411;Fortschreibung des Bevölkerungsstandes;STAG;Stichtag;31.12.2021;KREISE;Kreise;09181;Landsberg am Lech, Landkreis;121466
12411;Fortschreibung des Bevölkerungsstandes;STAG;Stichtag;31.12.2021;KREISE;Kreise;09182;Miesbach, Landkreis;99978
12411;Fortschreibung des Bevölkerungsstandes;STAG;Stichtag;31.12.2021;KREISE;Kreise;09183;Mühldorf am Inn, Landkreis;117606
12411;Fortschreibung des Bevölkerungsstandes;STAG;Stichtag;31.12.2021;KREISE;Kreise;09184;München, Landkreis;349837
12411;Fortschreibung des Bevölkerungsstandes;STAG;Stichtag;31.12.2021;KREISE;Kreise;09185;Neuburg-Schrobenhausen, Landkreis;98503
12411;Fortschreibung des Bevölkerungsstandes;STAG;Stichtag;31.12.2021;KREISE;Kreise;09186;Pfaffenhofen an der Ilm, Landkreis;129772
12411;Fortschreibung des Bevölkerungsstandes;STAG;Stichtag;31.12.2021;KREISE;Kreise;09187;Rosenheim, Landkreis;263367
12411;Fortschreibung des Bevölkerungsstandes;STAG;Stichtag;31.12.2021;KREISE;Kreise;09188;Starnberg, Landkreis;136747
12411;Fortschreibung des Bevölkerungsstandes;STAG;Stichtag;31.12.2021;KREISE;Kreise;09189;Traunstein, Landkreis;178447
12411;Fortschreibung des Bevölkerungsstandes;STAG;Stichtag;31.12.2021;KREISE;Kreise;09190;Weilheim-Schongau, Landkreis;136642
12411;Fortschreibung des Bevölkerungsstandes;STAG;Stichtag;31.12.2021;KREISE;Kreise;09261;Landshut, kreisfreie Stadt;73150
12411;Fortschreibung des Bevölkerungsstandes;STAG;Stichtag;31.12.2021;KREISE;Kreise;09262;Passau, kreisfreie Stadt;53093
12411;Fortschreibung des Bevölkerungsstandes;STAG;Stichtag;31.12.2021;KREISE;Kreise;09263;Straubing, kreisfreie Stadt;47854
12411;Fortschreibung des Bevölkerungsstandes;STAG;Stichtag;31.12.2021;KREISE;Kreise;09271;Deggendorf, Landkreis;120521
12411;Fortschreibung des Bevölkerungsstandes;STAG;Stichtag;31.12.2021;KREISE;Kreise;09272;Freyung-Grafenau, Landkreis;78632
12411;Fortschreibung des Bevölkerungsstandes;STAG;Stichtag;31.12.2021;KREISE;Kreise;09273;Kelheim, Landkreis;123899
12411;Fortschreibung des Bevölkerungsstandes;STAG;Stichtag;31.12.2021;KREISE;Kreise;09274;Landshut, Landkreis;162331
12411;Fortschreibung des Bevölkerungsstandes;STAG;Stichtag;31.12.2021;KREISE;Kreise;09275;Passau, Landkreis;194090
12411;Fortschreibung des Bevölkerungsstandes;STAG;Stichtag;31.12.2021;KREISE;Kreise;09276;Regen, Landkreis;77176
12411;Fortschreibung des Bevölkerungsstandes;STAG;Stichtag;31.12.2021;KREISE;Kreise;09277;Rottal-Inn, Landkreis;122252
12411;Fortschreibung des Bevölkerungsstandes;STAG;Stichtag;31.12.2021;KREISE;Kreise;09278;Straubing-Bogen, Landkreis;102398
12411;Fortschreibung des Bevölkerungsstandes;STAG;Stichtag;31.12.2021;KREISE;Kreise;09279;Dingolfing-Landau, Landkreis;98045
12411;Fortschreibung des Bevölkerungsstandes;STAG;Stichtag;31.12.2021;KREISE;Kreise;09361;Amberg, kreisfreie Stadt;41994
12411;Fortschreibung des Bevölkerungsstandes;STAG;Stichtag;31.12.2021;KREISE;Kreise;09362;Regensburg, kreisfreie Stadt;153542
12411;Fortschreibung des Bevölkerungsstandes;STAG;Stichtag;31.12.2021;KREISE;Kreise;09363;Weiden in der Oberpfalz, kreisfreie Stadt;42472
12411;Fortschreibung des Bevölkerungsstandes;STAG;Stichtag;31.12.2021;KREISE;Kreise;09371;Amberg-Sulzbach, Landkreis;103277
12411;Fortschreibung des Bevölkerungsstandes;STAG;Stichtag;31.12.2021;KREISE;Kreise;09372;Cham, Landkreis;128444
12411;Fortschreibung des Bevölkerungsstandes;STAG;Stichtag;31.12.2021;KREISE;Kreise;09373;Neumarkt in der Oberpfalz, Landkreis;136062
12411;Fortschreibung des Bevölkerungsstandes;STAG;Stichtag;31.12.2021;KREISE;Kreise;09374;Neustadt an der Waldnaab, Landkreis;94838
12411;Fortschreibung des Bevölkerungsstandes;STAG;Stichtag;31.12.2021;KREISE;Kreise;09375;Regensburg, Landkreis;195225
12411;Fortschreibung des Bevölkerungsstandes;STAG;Stichtag;31.12.2021;KREISE;Kreise;09376;Schwandorf, Landkreis;149239
12411;Fortschreibung des Bevölkerungsstandes;STAG;Stichtag;31.12.2021;KREISE;Kreise;09377;Tirschenreuth, Landkreis;71648
12411;Fortschreibung des Bevölkerungsstandes;STAG;Stichtag;31.12.2021;KREISE;Kreise;09461;Bamberg, kreisfreie Stadt;77749
12411;Fortschreibung des Bevölkerungsstandes;STAG;Stichtag;31.12.2021;KREISE;Kreise;09462;Bayreuth, kreisfreie Stadt;73909
12411;Fortschreibung des Bevölkerungsstandes;STAG;Stichtag;31.12.2021;KREISE;Kreise;09463;Coburg, kreisfreie Stadt;40955
12411;Fortschreibung des Bevölkerungsstandes;STAG;Stichtag;31.12.2021;KREISE;Kreise;09464;Hof, kreisfreie Stadt;45125
12411;Fortschreibung des Bevölkerungsstandes;STAG;Stichtag;31.12.2021;KREISE;Kreise;09471;Bamberg, Landkreis;147697
12411;Fortschreibung des Bevölkerungsstandes;STAG;Stichtag;31.12.2021;KREISE;Kreise;09472;Bayreuth, Landkreis;103648
12411;Fortschreibung des Bevölkerungsstandes;STAG;Stichtag;31.12.2021;KREISE;Kreise;09473;Coburg, Landkreis;86544
12411;Fortschreibung des Bevölkerungsstandes;STAG;Stichtag;31.12.2021;KREISE;Kreise;09474;Forchheim, Landkreis;116753
12411;Fortschreibung des Bevölkerungsstandes;STAG;Stichtag;31.12.2021;KREISE;Kreise;09475;Hof, Landkreis;93907
12411;Fortschreibung des Bevölkerungsstandes;STAG;Stichtag;31.12.2021;KREISE;Kreise;09476;Kronach, Landkreis;66091
12411;Fortschreibung des Bevölkerungsstandes;STAG;Stichtag;31.12.2021;KREISE;Kreise;09477;Kulmbach, Landkreis;71328
12411;Fortschreibung des Bevölkerungsstandes;STAG;Stichtag;31.12.2021;KREISE;Kreise;09478;Lichtenfels, Landkreis;66741
12411;Fortschreibung des Bevölkerungsstandes;STAG;Stichtag;31.12.2021;KREISE;Kreise;09479;Wunsiedel im Fichtelgebirge, Landkreis;71482
12411;Fortschreibung des Bevölkerungsstandes;STAG;Stichtag;31.12.2021;KREISE;Kreise;09561;Ansbach, kreisfreie Stadt;41662
12411;Fortschreibung des Bevölkerungsstandes;STAG;Stichtag;31.12.2021;KREISE;Kreise;09562;Erlangen, kreisfreie Stadt;113292
12411;Fortschreibung des Bevölkerungsstandes;STAG;Stichtag;31.12.2021;KREISE;Kreise;09563;Fürth, kreisfreie Stadt;129122
12411;Fortschreibung des Bevölkerungsstandes;STAG;Stichtag;31.12.2021;KREISE;Kreise;09564;Nürnberg, kreisfreie Stadt;510632
12411;Fortschreibung des Bevölkerungsstandes;STAG;Stichtag;31.12.2021;KREISE;Kreise;09565;Schwabach, kreisfreie Stadt;41146
12411;Fortschreibung des Bevölkerungsstandes;STAG;Stichtag;31.12.2021;KREISE;Kreise;09571;Ansbach, Landkreis;186279
12411;Fortschreibung des Bevölkerungsstandes;STAG;Stichtag;31.12.2021;KREISE;Kreise;09572;Erlangen-Höchstadt, Landkreis;139323
12411;Fortschreibung des Bevölkerungsstandes;STAG;Stichtag;31.12.2021;KREISE;Kreise;09573;Fürth, Landkreis;119432
12411;Fortschreibung des Bevölkerungsstandes;STAG;Stichtag;31.12.2021;KREISE;Kreise;09574;Nürnberger Land, Landkreis;171424
12411;Fortschreibung des Bevölkerungsstandes;STAG;Stichtag;31.12.2021;KREISE;Kreise;09575;Neustadt an der Aisch-Bad Windsheim, Landkreis;101788
12411;Fortschreibung des Bevölkerungsstandes;STAG;Stichtag;31.12.2021;KREISE;Kreise;09576;Roth, Landkreis;127520
12411;Fortschreibung des Bevölkerungsstandes;STAG;Stichtag;31.12.2021;KREISE;Kreise;09577;Weißenburg-Gunzenhausen, Landkreis;95523
12411;Fortschreibung des Bevölkerungsstandes;STAG;Stichtag;31.12.2021;KREISE;Kreise;09661;Aschaffenburg, kreisfreie Stadt;71381
12411;Fortschreibung des Bevölkerungsstandes;STAG;Stichtag;31.12.2021;KREISE;Kreise;09662;Schweinfurt, kreisfreie Stadt;53585
12411;Fortschreibung des Bevölkerungsstandes;STAG;Stichtag;31.12.2021;KREISE;Kreise;09663;Würzburg, kreisfreie Stadt;126933
12411;Fortschreibung des Bevölkerungsstandes;STAG;Stichtag;31.12.2021;KREISE;Kreise;09671;Aschaffenburg, Landkreis;174965
12411;Fortschreibung des Bevölkerungsstandes;STAG;Stichtag;31.12.2021;KREISE;Kreise;09672;Bad Kissingen, Landkreis;103454
12411;Fortschreibung des Bevölkerungsstandes;STAG;Stichtag;31.12.2021;KREISE;Kreise;09673;Rhön-Grabfeld, Landkreis;79376
12411;Fortschreibung des Bevölkerungsstandes;STAG;Stichtag;31.12.2021;KREISE;Kreise;09674;Haßberge, Landkreis;84284
12411;Fortschreibung des Bevölkerungsstandes;STAG;Stichtag;31.12.2021;KREISE;Kreise;09675;Kitzingen, Landkreis;91980
12411;Fortschreibung des Bevölkerungsstandes;STAG;Stichtag;31.12.2021;KREISE;Kreise;09676;Miltenberg, Landkreis;128782
12411;Fortschreibung des Bevölkerungsstandes;STAG;Stichtag;31.12.2021;KREISE;Kreise;09677;Main-Spessart, Landkreis;126105
12411;Fortschreibung des Bevölkerungsstandes;STAG;Stichtag;31.12.2021;KREISE;Kreise;09678;Schweinfurt, Landkreis;116134
12411;Fortschreibung des Bevölkerungsstandes;STAG;Stichtag;31.12.2021;KREISE;Kreise;09679;Würzburg, Landkreis;163534
12411;Fortschreibung des Bevölkerungsstandes;STAG;Stichtag;31.12.2021;KREISE;Kreise;09761;Augsburg, kreisfreie Stadt;296478
12411;Fortschreibung des Bevölkerungsstandes;STAG;Stichtag;31.12.2021;KREISE;Kreise;09762;Kaufbeuren, kreisfreie Stadt;45118
12411;Fortschreibung des Bevölkerungsstandes;STAG;Stichtag;31.12.2021;KREISE;Kreise;09763;Kempten (Allgäu), kreisfreie Stadt;69053
12411;Fortschreibung des Bevölkerungsstandes;STAG;Stichtag;31.12.2021;KREISE;Kreise;09764;Memmingen, kreisfreie Stadt;44721
12411;Fortschreibung des Bevölkerungsstandes;STAG;Stichtag;31.12.2021;KREISE;Kreise;09771;Aichach-Friedberg, Landkreis;135538
12411;Fortschreibung des Bevölkerungsstandes;STAG;Stichtag;31.12.2021;KREISE;Kreise;09772;Augsburg, Landkreis;257790
12411;Fortschreibung des Bevölkerungsstandes;STAG;Stichtag;31.12.2021;KREISE;Kreise;09773;Dillingen an der Donau, Landkreis;97985
12411;Fortschreibung des Bevölkerungsstandes;STAG;Stichtag;31.12.2021;KREISE;Kreise;09774;Günzburg, Landkreis;128436
12411;Fortschreibung des Bevölkerungsstandes;STAG;Stichtag;31.12.2021;KREISE;Kreise;09775;Neu-Ulm, Landkreis;177330
12411;Fortschreibung des Bevölkerungsstandes;STAG;Stichtag;31.12.2021;KREISE;Kreise;09776;Lindau (Bodensee), Landkreis;82330
12411;Fortschreibung des Bevölkerungsstandes;STAG;Stichtag;31.12.2021;KREISE;Kreise;09777;Ostallgäu, Landkreis;143236
12411;Fortschreibung des Bevölkerungsstandes;STAG;Stichtag;31.12.2021;KREISE;Kreise;09778;Unterallgäu, Landkreis;147776
12411;Fortschreibung des Bevölkerungsstandes;STAG;Stichtag;31.12.2021;KREISE;Kreise;09779;Donau-Ries, Landkreis;134986
12411;Fortschreibung des Bevölkerungsstandes;STAG;Stichtag;31.12.2021;KREISE;Kreise;09780;Oberallgäu, Landkreis;157202
12411;Fortschreibung des Bevölkerungsstandes;STAG;Stichtag;31.12.2021;KREISE;Kreise;10041;Regionalverband Saarbrücken, Landkreis;327284
12411;Fortschreibung des Bevölkerungsstandes;STAG;Stichtag;31.12.2021;KREISE;Kreise;10042;Merzig-Wadern, Landkreis;103426
12411;Fortschreibung des Bevölkerungsstandes;STAG;Stichtag;31.12.2021;KREISE;Kreise;10043;Neunkirchen, Landkreis;130847
12411;Fortschreibung des Bevölkerungsstandes;STAG;Stichtag;31.12.2021;KREISE;Kreise;10044;Saarlouis, Landkreis;193661
12411;Fortschreibung des Bevölkerungsstandes;STAG;Stichtag;31.12.2021;KREISE;Kreise;10045;Saarpfalz-Kreis;140960
12411;Fortschreibung des Bevölkerungsstandes;STAG;Stichtag;31.12.2021;KREISE;Kreise;10046;Sankt Wendel, Landkreis;86170
12411;Fortschreibung des Bevölkerungsstandes;STAG;Stichtag;31.12.2021;KREISE;Kreise;11000;Berlin, kreisfreie Stadt;3677472
12411;Fortschreibung des Bevölkerungsstandes;STAG;Stichtag;31.12.2021;KREISE;Kreise;12051;Brandenburg an der Havel, kreisfreie Stadt;72461
12411;Fortschreibung des Bevölkerungsstandes;STAG;Stichtag;31.12.2021;KREISE;Kreise;12052;Cottbus, kreisfreie Stadt;98359
12411;Fortschreibung des Bevölkerungsstandes;STAG;Stichtag;31.12.2021;KREISE;Kreise;12053;Frankfurt (Oder), kreisfreie Stadt;56679
12411;Fortschreibung des Bevölkerungsstandes;STAG;Stichtag;31.12.2021;KREISE;Kreise;12054;Potsdam, kreisfreie Stadt;183154
12411;Fortschreibung des Bevölkerungsstandes;STAG;Stichtag;31.12.2021;KREISE;Kreise;12060;Barnim, Landkreis;188835
12411;Fortschreibung des Bevölkerungsstandes;STAG;Stichtag;31.12.2021;KREISE;Kreise;12061;Dahme-Spreewald, Landkreis;175834
12411;Fortschreibung des Bevölkerungsstandes;STAG;Stichtag;31.12.2021;KREISE;Kreise;12062;Elbe-Elster, Landkreis;100317
12411;Fortschreibung des Bevölkerungsstandes;STAG;Stichtag;31.12.2021;KREISE;Kreise;12063;Havelland, Landkreis;165906
12411;Fortschreibung des Bevölkerungsstandes;STAG;Stichtag;31.12.2021;KREISE;Kreise;12064;Märkisch-Oderland, Landkreis;197965
12411;Fortschreibung des Bevölkerungsstandes;STAG;Stichtag;31.12.2021;KREISE;Kreise;12065;Oberhavel, Landkreis;215795
12411;Fortschreibung des Bevölkerungsstandes;STAG;Stichtag;31.12.2021;KREISE;Kreise;12066;Oberspreewald-Lausitz, Landkreis;107558
12411;Fortschreibung des Bevölkerungsstandes;STAG;Stichtag;31.12.2021;KREISE;Kreise;12067;Oder-Spree, Landkreis;179245
12411;Fortschreibung des Bevölkerungsstandes;STAG;Stichtag;31.12.2021;KREISE;Kreise;12068;Ostprignitz-Ruppin, Landkreis;98829
12411;Fortschreibung des Bevölkerungsstandes;STAG;Stichtag;31.12.2021;KREISE;Kreise;12069;Potsdam-Mittelmark, Landkreis;219521
12411;Fortschreibung des Bevölkerungsstandes;STAG;Stichtag;31.12.2021;KREISE;Kreise;12070;Prignitz, Landkreis;75574
12411;Fortschreibung des Bevölkerungsstandes;STAG;Stichtag;31.12.2021;KREISE;Kreise;12071;Spree-Neiße, Landkreis;111955
12411;Fortschreibung des Bevölkerungsstandes;STAG;Stichtag;31.12.2021;KREISE;Kreise;12072;Teltow-Fläming, Landkreis;172545
12411;Fortschreibung des Bevölkerungsstandes;STAG;Stichtag;31.12.2021;KREISE;Kreise;12073;Uckermark, Landkreis;117336
12411;Fortschreibung des Bevölkerungsstandes;STAG;Stichtag;31.12.2021;KREISE;Kreise;13003;Rostock, kreisfreie Stadt;208400
12411;Fortschreibung des Bevölkerungsstandes;STAG;Stichtag;31.12.2021;KREISE;Kreise;13004;Schwerin, kreisfreie Stadt;95740
12411;Fortschreibung des Bevölkerungsstandes;STAG;Stichtag;31.12.2021;KREISE;Kreise;13071;Mecklenburgische Seenplatte, Landkreis;257525
12411;Fortschreibung des Bevölkerungsstandes;STAG;Stichtag;31.12.2021;KREISE;Kreise;13072;Rostock, Landkreis;217796
12411;Fortschreibung des Bevölkerungsstandes;STAG;Stichtag;31.12.2021;KREISE;Kreise;13073;Vorpommern-Rügen, Landkreis;225900
12411;Fortschreibung des Bevölkerungsstandes;STAG;Stichtag;31.12.2021;KREISE;Kreise;13074;Nordwestmecklenburg, Landkreis;158449
12411;Fortschreibung des Bevölkerungsstandes;STAG;Stichtag;31.12.2021;KREISE;Kreise;13075;Vorpommern-Greifswald, Landkreis;235451
12411;Fortschreibung des Bevölkerungsstandes;STAG;Stichtag;31.12.2021;KREISE;Kreise;13076;Ludwigslust-Parchim, Landkreis;211899
12411;Fortschreibung des Bevölkerungsstandes;STAG;Stichtag;31.12.2021;KREISE;Kreise;14511;Chemnitz, kreisfreie Stadt;243105
12411;Fortschreibung des Bevölkerungsstandes;STAG;Stichtag;31.12.2021;KREISE;Kreise;14521;Erzgebirgskreis;328695
12411;Fortschreibung des Bevölkerungsstandes;STAG;Stichtag;31.12.2021;KREISE;Kreise;14522;Mittelsachsen, Landkreis;299329
12411;Fortschreibung des Bevölkerungsstandes;STAG;Stichtag;31.12.2021;KREISE;Kreise;14523;Vogtlandkreis;221376
12411;Fortschreibung des Bevölkerungsstandes;STAG;Stichtag;31.12.2021;KREISE;Kreise;14524;Zwickau, Landkreis;309621
12411;Fortschreibung des Bevölkerungsstandes;STAG;Stichtag;31.12.2021;KREISE;Kreise;14612;Dresden, kreisfreie Stadt;555351
12411;Fortschreibung des Bevölkerungsstandes;STAG;Stichtag;31.12.2021;KREISE;Kreise;14625;Bautzen, Landkreis;296290
12411;Fortschreibung des Bevölkerungsstandes;STAG;Stichtag;31.12.2021;KREISE;Kreise;14626;Görlitz, Landkreis;248273
12411;Fortschreibung des Bevölkerungsstandes;STAG;Stichtag;31.12.2021;KREISE;Kreise;14627;Meißen, Landkreis;239344
12411;Fortschreibung des Bevölkerungsstandes;STAG;Stichtag;31.12.2021;KREISE;Kreise;14628;Sächsische Schweiz-Osterzgebirge, Landkreis;244009
12411;Fortschreibung des Bevölkerungsstandes;STAG;Stichtag;31.12.2021;KREISE;Kreise;14713;Leipzig, kreisfreie Stadt;601866
12411;Fortschreibung des Bevölkerungsstandes;STAG;Stichtag;31.12.2021;KREISE;Kreise;14729;Leipzig, Landkreis;258214
12411;Fortschreibung des Bevölkerungsstandes;STAG;Stichtag;31.12.2021;KREISE;Kreise;14730;Nordsachsen, Landkreis;197529
12411;Fortschreibung des Bevölkerungsstandes;STAG;Stichtag;31.12.2021;KREISE;Kreise;15001;Dessau-Roßlau, kreisfreie Stadt;78731
12411;Fortschreibung des Bevölkerungsstandes;STAG;Stichtag;31.12.2021;KREISE;Kreise;15002;Halle (Saale), kreisfreie Stadt;238061
12411;Fortschreibung des Bevölkerungsstandes;STAG;Stichtag;31.12.2021;KREISE;Kreise;15003;Magdeburg, kreisfreie Stadt;236188
12411;Fortschreibung des Bevölkerungsstandes;STAG;Stichtag;31.12.2021;KREISE;Kreise;15081;Altmarkkreis Salzwedel;81986
12411;Fortschreibung des Bevölkerungsstandes;STAG;Stichtag;31.12.2021;KREISE;Kreise;15082;Anhalt-Bitterfeld, Landkreis;155900
12411;Fortschreibung des Bevölkerungsstandes;STAG;Stichtag;31.12.2021;KREISE;Kreise;15083;Börde, Landkreis;170106
12411;Fortschreibung des Bevölkerungsstandes;STAG;Stichtag;31.12.2021;KREISE;Kreise;15084;Burgenlandkreis;176333
12411;Fortschreibung des Bevölkerungsstandes;STAG;Stichtag;31.12.2021;KREISE;Kreise;15085;Harz, Landkreis;209117
12411;Fortschreibung des Bevölkerungsstandes;STAG;Stichtag;31.12.2021;KREISE;Kreise;15086;Jerichower Land, Landkreis;89118
12411;Fortschreibung des Bevölkerungsstandes;STAG;Stichtag;31.12.2021;KREISE;Kreise;15087;Mansfeld-Südharz, Landkreis;132317
12411;Fortschreibung des Bevölkerungsstandes;STAG;Stichtag;31.12.2021;KREISE;Kreise;15088;Saalekreis;182814
12411;Fortschreibung des Bevölkerungsstandes;STAG;Stichtag;31.12.2021;KREISE;Kreise;15089;Salzlandkreis;185495
12411;Fortschreibung des Bevölkerungsstandes;STAG;Stichtag;31.12.2021;KREISE;Kreise;15090;Stendal, Landkreis;109746
12411;Fortschreibung des Bevölkerungsstandes;STAG;Stichtag;31.12.2021;KREISE;Kreise;15091;Wittenberg, Landkreis;123341
12411;Fortschreibung des Bevölkerungsstandes;STAG;Stichtag;31.12.2021;KREISE;Kreise;16051;Erfurt, kreisfreie Stadt;213227
12411;Fortschreibung des Bevölkerungsstandes;STAG;Stichtag;31.12.2021;KREISE;Kreise;16052;Gera, kreisfreie Stadt;91368
12411;Fortschreibung des Bevölkerungsstandes;STAG;Stichtag;31.12.2021;KREISE;Kreise;16053;Jena, kreisfreie Stadt;110502
12411;Fortschreibung des Bevölkerungsstandes;STAG;Stichtag;31.12.2021;KREISE;Kreise;16054;Suhl, kreisfreie Stadt;36054
12411;Fortschreibung des Bevölkerungsstandes;STAG;Stichtag;31.12.2021;KREISE;Kreise;16055;Weimar, kreisfreie Stadt;65138
12411;Fortschreibung des Bevölkerungsstandes;STAG;Stichtag;31.12.2021;KREISE;Kreise;16061;Eichsfeld, Landkreis;99324
12411;Fortschreibung des Bevölkerungsstandes;STAG;Stichtag;31.12.2021;KREISE;Kreise;16062;Nordhausen, Landkreis;81687
12411;Fortschreibung des Bevölkerungsstandes;STAG;Stichtag;31.12.2021;KREISE;Kreise;16063;Wartburgkreis;158900
12411;Fortschreibung des Bevölkerungsstandes;STAG;Stichtag;31.12.2021;KREISE;Kreise;16064;Unstrut-Hainich-Kreis;101269
12411;Fortschreibung des Bevölkerungsstandes;STAG;Stichtag;31.12.2021;KREISE;Kreise;16065;Kyffhäuserkreis;72964
12411;Fortschreibung des Bevölkerungsstandes;STAG;Stichtag;31.12.2021;KREISE;Kreise;16066;Schmalkalden-Meiningen, Landkreis;123404
12411;Fortschreibung des Bevölkerungsstandes;STAG;Stichtag;31.12.2021;KREISE;Kreise;16067;Gotha, Landkreis;133825
12411;Fortschreibung des Bevölkerungsstandes;STAG;Stichtag;31.12.2021;KREISE;Kreise;16068;Sömmerda, Landkreis;68717
12411;Fortschreibung des Bevölkerungsstandes;STAG;Stichtag;31.12.2021;KREISE;Kreise;16069;Hildburghausen, Landkreis;62089
12411;Fortschreibung des Bevölkerungsstandes;STAG;Stichtag;31.12.2021;KREISE;Kreise;16070;Ilm-Kreis;105367
12411;Fortschreibung des Bevölkerungsstandes;STAG;Stichtag;31.12.2021;KREISE;Kreise;16071;Weimarer Land, Landkreis;82103
12411;Fortschreibung des Bevölkerungsstandes;STAG;Stichtag;31.12.2021;KREISE;Kreise;16072;Sonneberg, Landkreis;56504
12411;Fortschreibung des Bevölkerungsstandes;STAG;Stichtag;31.12.2021;KREISE;Kreise;16073;Saalfeld-Rudolstadt, Landkreis;100969
12411;Fortschreibung des Bevölkerungsstandes;STAG;Stichtag;31.12.2021;KREISE;Kreise;16074;Saale-Holzland-Kreis;82513
12411;Fortschreibung des Bevölkerungsstandes;STAG;Stichtag;31.12.2021;KREISE;Kreise;16075;Saale-Orla-Kreis;79030
12411;Fortschreibung des Bevölkerungsstandes;STAG;Stichtag;31.12.2021;KREISE;Kreise;16076;Greiz, Landkreis;96102
12411;Fortschreibung des Bevölkerungsstandes;STAG;Stichtag;31.12.2021;KREISE;Kreise;16077;Altenburger Land, Landkreis;87807
